timestamp,action 
1424276567892,ADD_SELFLET
1424277167896,ADD_SELFLET
1424277847893,ADD_SELFLET
1424278917892,REMOVE_SELFLET
1424279227891,REMOVE_SELFLET
1424276498989,TEACH_SERVICE
1424276848997,TEACH_SERVICE
1424277306076,REDIRECT_SERVICE
1424277848987,ADD_SELFLET
1424279168986,REMOVE_SELFLET
1424266273366,ADD_SELFLET
1424266283372,TEACH_SERVICE
1424266323369,TEACH_SERVICE
1424266873370,ADD_SELFLET
1424266883368,CHANGE_SERVICE_IMPLEMENTATION
1424266893369,CHANGE_SERVICE_IMPLEMENTATION
1424267533367,ADD_SELFLET
1424268673367,TEACH_SERVICE
1424268723368,REMOVE_SELFLET
1424276508077,TEACH_SERVICE
1424277088075,TEACH_SERVICE
1424277388075,ADD_SELFLET
1424277998074,ADD_SELFLET
1424279178074,REMOVE_SELFLET
1424276973258,ADD_SELFLET
1424277837828,REDIRECT_SERVICE
1424277943258,ADD_SELFLET
1424279193257,REMOVE_SELFLET
1424279503257,REMOVE_SELFLET
1424276805384,TEACH_SERVICE
1424276815387,TEACH_SERVICE
1424276825385,TEACH_SERVICE
1424276835386,TEACH_SERVICE
1424276845394,TEACH_SERVICE
1424277755384,ADD_SELFLET
1424277938031,REDIRECT_SERVICE
1424279475383,REMOVE_SELFLET
1424276957193,TEACH_SERVICE
1424277087191,TEACH_SERVICE
1424277427190,TEACH_SERVICE
1424277721599,REDIRECT_SERVICE
1424277787192,ADD_SELFLET
1424279477189,REMOVE_SELFLET
1424279787189,REMOVE_SELFLET
1424277228086,ADD_SELFLET
1424277430036,REDIRECT_SERVICE
1424277549487,REDIRECT_SERVICE
1424277727818,REDIRECT_SERVICE
1424277838086,ADD_SELFLET
1424279538084,REMOVE_SELFLET
1424277165126,TEACH_SERVICE
1424277375741,REDIRECT_SERVICE
1424277465124,TEACH_SERVICE
1424277785124,ADD_SELFLET
1424279785123,REMOVE_SELFLET
1424277120515,TEACH_SERVICE
1424277350516,CHANGE_SERVICE_IMPLEMENTATION
1424277690515,ADD_SELFLET
1424279800512,REMOVE_SELFLET
1424280100512,REMOVE_SELFLET
1424277584487,ADD_SELFLET
1424277883072,REDIRECT_SERVICE
1424279814486,REMOVE_SELFLET
1424277440006,TEACH_SERVICE
1424277450008,TEACH_SERVICE
1424277460013,TEACH_SERVICE
1424277720005,ADD_SELFLET
1424280090003,REMOVE_SELFLET
1424280400003,REMOVE_SELFLET
1424280700003,REMOVE_SELFLET
1424283690003,REMOVE_SELFLET
1424277512632,TEACH_SERVICE
1424277604662,REDIRECT_SERVICE
1424277682629,ADD_SELFLET
1424277822910,REDIRECT_SERVICE
1424280102626,REMOVE_SELFLET
1424280412625,REMOVE_SELFLET
1424280712625,REMOVE_SELFLET
1424266359894,TEACH_SERVICE
1424266609895,ADD_SELFLET
1424266849893,CHANGE_SERVICE_IMPLEMENTATION
1424266859892,CHANGE_SERVICE_IMPLEMENTATION
1424266869893,CHANGE_SERVICE_IMPLEMENTATION
1424266879893,CHANGE_SERVICE_IMPLEMENTATION
1424266889894,CHANGE_SERVICE_IMPLEMENTATION
1424267259895,ADD_SELFLET
1424267979892,ADD_SELFLET
1424268829891,TEACH_SERVICE
1424269049893,ADD_SELFLET
1424269819894,REMOVE_SELFLET
1424277687501,ADD_SELFLET
1424280107499,REMOVE_SELFLET
1424280407499,REMOVE_SELFLET
1424280707499,REMOVE_SELFLET
1424277769154,TEACH_SERVICE
1424277779153,TEACH_SERVICE
1424277789167,TEACH_SERVICE
1424280399151,REMOVE_SELFLET
1424280407223,REMOVE_SELFLET
1424280422298,REMOVE_SELFLET
1424280717859,REMOVE_SELFLET
1424281027856,REMOVE_SELFLET
1424280753842,REMOVE_SELFLET
1424280761112,REMOVE_SELFLET
1424266619242,TEACH_SERVICE
1424266699248,ADD_SELFLET
1424267419239,ADD_SELFLET
1424267985199,REDIRECT_SERVICE
1424268029241,ADD_SELFLET
1424268102761,REDIRECT_SERVICE
1424269389238,REMOVE_SELFLET
1424266607814,REDIRECT_SERVICE
1424266610785,REDIRECT_SERVICE
1424266621270,TEACH_SERVICE
1424266711270,ADD_SELFLET
1424267321268,ADD_SELFLET
1424267991267,ADD_SELFLET
1424268670540,REDIRECT_SERVICE
1424268691267,TEACH_SERVICE
1424268731268,TEACH_SERVICE
1424269051268,REMOVE_SELFLET
1424266723204,TEACH_SERVICE
1424266733204,TEACH_SERVICE
1424266753209,TEACH_SERVICE
1424266763207,TEACH_SERVICE
1424266773207,TEACH_SERVICE
1424266853202,CHANGE_SERVICE_IMPLEMENTATION
1424266863202,CHANGE_SERVICE_IMPLEMENTATION
1424266873201,CHANGE_SERVICE_IMPLEMENTATION
1424266883201,CHANGE_SERVICE_IMPLEMENTATION
1424266893200,CHANGE_SERVICE_IMPLEMENTATION
1424266933202,TEACH_SERVICE
1424267040647,REDIRECT_SERVICE
1424267103203,ADD_SELFLET
1424267353200,CHANGE_SERVICE_IMPLEMENTATION
1424267363201,CHANGE_SERVICE_IMPLEMENTATION
1424267373200,CHANGE_SERVICE_IMPLEMENTATION
1424267383200,CHANGE_SERVICE_IMPLEMENTATION
1424267933207,ADD_SELFLET
1424268543204,ADD_SELFLET
1424269273201,ADD_SELFLET
1424269393202,TEACH_SERVICE
1424269663202,REMOVE_SELFLET
1424266894377,CHANGE_SERVICE_IMPLEMENTATION
1424266954378,TEACH_SERVICE
1424267094379,TEACH_SERVICE
1424267214378,ADD_SELFLET
1424267824390,ADD_SELFLET
1424268464377,ADD_SELFLET
1424268677591,REDIRECT_SERVICE
1424269204376,ADD_SELFLET
1424269384376,REMOVE_SELFLET
1424266926648,TEACH_SERVICE
1424266956648,TEACH_SERVICE
1424267226646,ADD_SELFLET
1424268426646,ADD_SELFLET
1424269386650,REMOVE_SELFLET
1424269676647,TEACH_SERVICE
1424270086646,REMOVE_SELFLET
1424267093568,TEACH_SERVICE
1424267263545,ADD_SELFLET
1424267505647,REDIRECT_SERVICE
1424267662544,REDIRECT_SERVICE
1424267873543,ADD_SELFLET
1424268483543,ADD_SELFLET
1424269223543,ADD_SELFLET
1424269248919,REDIRECT_SERVICE
1424269673543,TEACH_SERVICE
1424269991776,REDIRECT_SERVICE
1424270133547,TEACH_SERVICE
1424270440547,REDIRECT_SERVICE
1424271073543,ADD_SELFLET
1424271112618,REDIRECT_SERVICE
1424272067178,REDIRECT_SERVICE
1424272513542,TEACH_SERVICE
1424272553542,TEACH_SERVICE
1424272803543,ADD_SELFLET
1424273313543,CHANGE_SERVICE_IMPLEMENTATION
1424273323544,CHANGE_SERVICE_IMPLEMENTATION
1424273333543,CHANGE_SERVICE_IMPLEMENTATION
1424273413544,ADD_SELFLET
1424274083543,ADD_SELFLET
1424274693542,ADD_SELFLET
1424276492602,REDIRECT_SERVICE
1424276823550,ADD_SELFLET
1424277403543,TEACH_SERVICE
1424277633542,ADD_SELFLET
1424280423542,REMOVE_SELFLET
1424280733542,REMOVE_SELFLET
1424281033542,REMOVE_SELFLET
1424267110001,CHANGE_SERVICE_IMPLEMENTATION
1424267120009,CHANGE_SERVICE_IMPLEMENTATION
1424267129989,CHANGE_SERVICE_IMPLEMENTATION
1424267229986,ADD_SELFLET
1424267249990,TEACH_SERVICE
1424267859987,ADD_SELFLET
1424269939985,REMOVE_SELFLET
1424267246442,TEACH_SERVICE
1424267416440,ADD_SELFLET
1424267429907,REDIRECT_SERVICE
1424267434801,REDIRECT_SERVICE
1424268026439,ADD_SELFLET
1424268636438,ADD_SELFLET
1424269028148,REDIRECT_SERVICE
1424269396439,TEACH_SERVICE
1424269516288,REDIRECT_SERVICE
1424269616439,ADD_SELFLET
1424269916438,REMOVE_SELFLET
1424267293333,TEACH_SERVICE
1424267313318,TEACH_SERVICE
1424267483311,ADD_SELFLET
1424267563310,TEACH_SERVICE
1424268623315,ADD_SELFLET
1424269603309,ADD_SELFLET
1424269933314,TEACH_SERVICE
1424269953311,REMOVE_SELFLET
1424270273309,REMOVE_SELFLET
1424267309942,TEACH_SERVICE
1424267619943,TEACH_SERVICE
1424268290346,REDIRECT_SERVICE
1424268749943,ADD_SELFLET
1424269739942,ADD_SELFLET
1424270279942,REMOVE_SELFLET
1424270539941,TEACH_SERVICE
1424270549941,TEACH_SERVICE
1424270579942,REMOVE_SELFLET
1424265575382,ADD_SELFLET
1424265659397,REDIRECT_SERVICE
1424265665384,TEACH_SERVICE
1424265685383,TEACH_SERVICE
1424265695383,TEACH_SERVICE
1424265756051,REDIRECT_SERVICE
1424265794522,REDIRECT_SERVICE
1424266105574,REDIRECT_SERVICE
1424266185382,ADD_SELFLET
1424266885381,CHANGE_SERVICE_IMPLEMENTATION
1424267005391,ADD_SELFLET
1424267105383,CHANGE_SERVICE_IMPLEMENTATION
1424267115382,CHANGE_SERVICE_IMPLEMENTATION
1424267125382,CHANGE_SERVICE_IMPLEMENTATION
1424267755381,ADD_SELFLET
1424267951600,REDIRECT_SERVICE
1424268306458,REDIRECT_SERVICE
1424268365382,ADD_SELFLET
1424268665382,REMOVE_SELFLET
1424267543806,REDIRECT_SERVICE
1424267613272,TEACH_SERVICE
1424267623270,TEACH_SERVICE
1424267793269,TEACH_SERVICE
1424268773269,ADD_SELFLET
1424269613270,ADD_SELFLET
1424270283269,TEACH_SERVICE
1424270543268,TEACH_SERVICE
1424270593268,TEACH_SERVICE
1424270883269,ADD_SELFLET
1424272683273,ADD_SELFLET
1424272714853,REDIRECT_SERVICE
1424273343269,ADD_SELFLET
1424273723271,CHANGE_SERVICE_IMPLEMENTATION
1424273733271,CHANGE_SERVICE_IMPLEMENTATION
1424273953269,ADD_SELFLET
1424274583607,REDIRECT_SERVICE
1424274604890,REDIRECT_SERVICE
1424274623269,TEACH_SERVICE
1424274633268,TEACH_SERVICE
1424274653269,TEACH_SERVICE
1424274673269,TEACH_SERVICE
1424274697488,REDIRECT_SERVICE
1424274733577,REDIRECT_SERVICE
1424274833275,ADD_SELFLET
1424275473274,ADD_SELFLET
1424276414039,REDIRECT_SERVICE
1424276613268,ADD_SELFLET
1424277223270,ADD_SELFLET
1424277833277,ADD_SELFLET
1424280803267,REMOVE_SELFLET
1424281103268,REMOVE_SELFLET
1424269558871,ADD_SELFLET
1424270025998,REDIRECT_SERVICE
1424270358870,REMOVE_SELFLET
1424267911056,TEACH_SERVICE
1424268118310,REDIRECT_SERVICE
1424268791056,ADD_SELFLET
1424268915660,REDIRECT_SERVICE
1424269701056,ADD_SELFLET
1424269736383,REDIRECT_SERVICE
1424270311055,REMOVE_SELFLET
1424267908849,TEACH_SERVICE
1424268788849,ADD_SELFLET
1424269343369,REDIRECT_SERVICE
1424269372299,REDIRECT_SERVICE
1424269658846,ADD_SELFLET
1424270488848,REMOVE_SELFLET
1424270588852,TEACH_SERVICE
1424270708848,ADD_SELFLET
1424270787566,REDIRECT_SERVICE
1424270791491,REDIRECT_SERVICE
1424271338847,TEACH_SERVICE
1424271858851,ADD_SELFLET
1424272598848,ADD_SELFLET
1424273208854,ADD_SELFLET
1424273818851,ADD_SELFLET
1424273819623,REDIRECT_SERVICE
1424274388847,REMOVE_SELFLET
1424267939895,TEACH_SERVICE
1424267949896,TEACH_SERVICE
1424267959899,TEACH_SERVICE
1424267969904,TEACH_SERVICE
1424268429893,TEACH_SERVICE
1424269089895,ADD_SELFLET
1424269789891,ADD_SELFLET
1424271039893,ADD_SELFLET
1424271329892,REMOVE_SELFLET
1424268365706,ADD_SELFLET
1424268425707,TEACH_SERVICE
1424268455708,TEACH_SERVICE
1424269315725,ADD_SELFLET
1424269925706,ADD_SELFLET
1424270244788,REDIRECT_SERVICE
1424270439647,REDIRECT_SERVICE
1424270535707,ADD_SELFLET
1424271325707,REMOVE_SELFLET
1424268390174,ADD_SELFLET
1424268430173,TEACH_SERVICE
1424268450174,TEACH_SERVICE
1424268460175,TEACH_SERVICE
1424268699316,REDIRECT_SERVICE
1424268763766,REDIRECT_SERVICE
1424269000174,ADD_SELFLET
1424269770173,ADD_SELFLET
1424270670172,ADD_SELFLET
1424270860173,REMOVE_SELFLET
1424268929885,ADD_SELFLET
1424269849883,ADD_SELFLET
1424270334672,REDIRECT_SERVICE
1424270335669,REDIRECT_SERVICE
1424270459884,ADD_SELFLET
1424271129882,REMOVE_SELFLET
1424271429883,REMOVE_SELFLET
1424271609883,ADD_SELFLET
1424272212246,REDIRECT_SERVICE
1424272389882,ADD_SELFLET
1424272799890,CHANGE_SERVICE_IMPLEMENTATION
1424272809883,CHANGE_SERVICE_IMPLEMENTATION
1424272819884,CHANGE_SERVICE_IMPLEMENTATION
1424272999888,ADD_SELFLET
1424273709884,ADD_SELFLET
1424274129887,CHANGE_SERVICE_IMPLEMENTATION
1424274139887,CHANGE_SERVICE_IMPLEMENTATION
1424274149887,CHANGE_SERVICE_IMPLEMENTATION
1424274441484,REDIRECT_SERVICE
1424274448326,REDIRECT_SERVICE
1424274509888,ADD_SELFLET
1424274601968,REDIRECT_SERVICE
1424275179883,REMOVE_SELFLET
1424268961141,ADD_SELFLET
1424269322884,REDIRECT_SERVICE
1424269367814,REDIRECT_SERVICE
1424269491844,REDIRECT_SERVICE
1424269531677,REDIRECT_SERVICE
1424269536517,REDIRECT_SERVICE
1424270395009,REDIRECT_SERVICE
1424270471139,ADD_SELFLET
1424271141139,REMOVE_SELFLET
1424271174244,REDIRECT_SERVICE
1424271496173,REDIRECT_SERVICE
1424271771140,ADD_SELFLET
1424271941140,REMOVE_SELFLET
1424272821140,ADD_SELFLET
1424273431139,ADD_SELFLET
1424274041139,ADD_SELFLET
1424274731140,ADD_SELFLET
1424274872160,REDIRECT_SERVICE
1424275381140,REMOVE_SELFLET
1424268812301,TEACH_SERVICE
1424268952297,ADD_SELFLET
1424270482294,ADD_SELFLET
1424271212294,REMOVE_SELFLET
1424265586056,REDIRECT_SERVICE
1424265594375,ADD_SELFLET
1424265604371,CHANGE_SERVICE_IMPLEMENTATION
1424265664370,TEACH_SERVICE
1424265679191,REDIRECT_SERVICE
1424265684373,TEACH_SERVICE
1424265689693,REDIRECT_SERVICE
1424265690201,REDIRECT_SERVICE
1424265694391,TEACH_SERVICE
1424266204369,ADD_SELFLET
1424266667831,REDIRECT_SERVICE
1424266775043,REDIRECT_SERVICE
1424266814369,ADD_SELFLET
1424267424369,ADD_SELFLET
1424267472447,REDIRECT_SERVICE
1424267489701,REDIRECT_SERVICE
1424268344369,ADD_SELFLET
1424268684368,TEACH_SERVICE
1424268704369,REMOVE_SELFLET
1424269125413,ADD_SELFLET
1424270045411,ADD_SELFLET
1424271061693,REDIRECT_SERVICE
1424271525411,REMOVE_SELFLET
1424268950118,TEACH_SERVICE
1424268980121,TEACH_SERVICE
1424269101433,REDIRECT_SERVICE
1424269130116,ADD_SELFLET
1424269536798,REDIRECT_SERVICE
1424270200116,ADD_SELFLET
1424270820114,ADD_SELFLET
1424271688016,REDIRECT_SERVICE
1424271990114,ADD_SELFLET
1424272240115,REMOVE_SELFLET
1424269063270,TEACH_SERVICE
1424269143266,TEACH_SERVICE
1424269226923,REDIRECT_SERVICE
1424269263266,ADD_SELFLET
1424269835219,REDIRECT_SERVICE
1424269867095,REDIRECT_SERVICE
1424269933264,TEACH_SERVICE
1424269943266,TEACH_SERVICE
1424270523265,ADD_SELFLET
1424271223264,ADD_SELFLET
1424271533264,TEACH_SERVICE
1424271563264,REMOVE_SELFLET
1424269214333,TEACH_SERVICE
1424269224333,TEACH_SERVICE
1424269234337,TEACH_SERVICE
1424269244365,TEACH_SERVICE
1424269254341,TEACH_SERVICE
1424269264339,TEACH_SERVICE
1424269394337,TEACH_SERVICE
1424269404334,ADD_SELFLET
1424270014332,ADD_SELFLET
1424270071219,REDIRECT_SERVICE
1424270624331,ADD_SELFLET
1424271316662,REDIRECT_SERVICE
1424272014330,ADD_SELFLET
1424272068188,REDIRECT_SERVICE
1424272624329,ADD_SELFLET
1424273054149,REDIRECT_SERVICE
1424273234330,ADD_SELFLET
1424273753900,REDIRECT_SERVICE
1424273834331,ADD_SELFLET
1424273929093,REDIRECT_SERVICE
1424273934384,REDIRECT_SERVICE
1424274444335,ADD_SELFLET
1424275064336,ADD_SELFLET
1424275824331,ADD_SELFLET
1424276584330,ADD_SELFLET
1424277344330,ADD_SELFLET
1424278034330,TEACH_SERVICE
1424279034330,REMOVE_SELFLET
1424279334329,REMOVE_SELFLET
1424269887149,REDIRECT_SERVICE
1424270005479,ADD_SELFLET
1424270183769,REDIRECT_SERVICE
1424270635478,ADD_SELFLET
1424271745681,REDIRECT_SERVICE
1424272075477,ADD_SELFLET
1424272225478,REMOVE_SELFLET
1424269842529,ADD_SELFLET
1424270092527,TEACH_SERVICE
1424270512528,ADD_SELFLET
1424271172527,ADD_SELFLET
1424271300842,REDIRECT_SERVICE
1424272082537,ADD_SELFLET
1424272232527,TEACH_SERVICE
1424272552528,TEACH_SERVICE
1424272732528,ADD_SELFLET
1424272826428,REDIRECT_SERVICE
1424272875512,REDIRECT_SERVICE
1424272915550,REDIRECT_SERVICE
1424272927358,REDIRECT_SERVICE
1424272945615,REDIRECT_SERVICE
1424273332529,ADD_SELFLET
1424273822527,CHANGE_SERVICE_IMPLEMENTATION
1424273932531,ADD_SELFLET
1424274542529,ADD_SELFLET
1424275105777,REDIRECT_SERVICE
1424275152527,ADD_SELFLET
1424275582526,REMOVE_SELFLET
1424269719969,TEACH_SERVICE
1424269729972,TEACH_SERVICE
1424270489965,ADD_SELFLET
1424271179965,ADD_SELFLET
1424271569964,TEACH_SERVICE
1424271789965,ADD_SELFLET
1424272239968,REMOVE_SELFLET
1424269834448,TEACH_SERVICE
1424271324444,ADD_SELFLET
1424271534445,TEACH_SERVICE
1424272344443,ADD_SELFLET
1424272504444,REMOVE_SELFLET
1424269728942,TEACH_SERVICE
1424269828940,TEACH_SERVICE
1424269838941,TEACH_SERVICE
1424271201771,REDIRECT_SERVICE
1424271438943,ADD_SELFLET
1424272074686,REDIRECT_SERVICE
1424272518939,REMOVE_SELFLET
1424269916449,TEACH_SERVICE
1424269926452,TEACH_SERVICE
1424269936455,TEACH_SERVICE
1424269946455,TEACH_SERVICE
1424270976447,ADD_SELFLET
1424272176446,ADD_SELFLET
1424272546446,REMOVE_SELFLET
1424265466046,REDIRECT_SERVICE
1424265603261,ADD_SELFLET
1424265663261,TEACH_SERVICE
1424265683262,TEACH_SERVICE
1424265693262,TEACH_SERVICE
1424265839420,REDIRECT_SERVICE
1424266433265,ADD_SELFLET
1424267113260,ADD_SELFLET
1424267923261,ADD_SELFLET
1424268103389,REDIRECT_SERVICE
1424268533260,ADD_SELFLET
1424268693261,REMOVE_SELFLET
1424270817340,REDIRECT_SERVICE
1424271105958,ADD_SELFLET
1424271177545,REDIRECT_SERVICE
1424272335958,ADD_SELFLET
1424272474870,REDIRECT_SERVICE
1424272545958,REMOVE_SELFLET
1424270126500,TEACH_SERVICE
1424270136500,TEACH_SERVICE
1424270656557,REDIRECT_SERVICE
1424270681942,REDIRECT_SERVICE
1424270736500,ADD_SELFLET
1424271346497,ADD_SELFLET
1424271696497,TEACH_SERVICE
1424272566497,REMOVE_SELFLET
1424270183086,TEACH_SERVICE
1424270193085,TEACH_SERVICE
1424270213091,TEACH_SERVICE
1424270223093,TEACH_SERVICE
1424270283084,TEACH_SERVICE
1424270323085,TEACH_SERVICE
1424270553084,ADD_SELFLET
1424271163083,ADD_SELFLET
1424272714922,REDIRECT_SERVICE
1424272823088,ADD_SELFLET
1424272903086,CHANGE_SERVICE_IMPLEMENTATION
1424272913092,CHANGE_SERVICE_IMPLEMENTATION
1424272923085,CHANGE_SERVICE_IMPLEMENTATION
1424272933086,CHANGE_SERVICE_IMPLEMENTATION
1424272943085,CHANGE_SERVICE_IMPLEMENTATION
1424272953086,CHANGE_SERVICE_IMPLEMENTATION
1424272963089,CHANGE_SERVICE_IMPLEMENTATION
1424272973085,CHANGE_SERVICE_IMPLEMENTATION
1424272983085,CHANGE_SERVICE_IMPLEMENTATION
1424272993085,CHANGE_SERVICE_IMPLEMENTATION
1424273003086,CHANGE_SERVICE_IMPLEMENTATION
1424273433083,ADD_SELFLET
1424273653085,CHANGE_SERVICE_IMPLEMENTATION
1424273663096,CHANGE_SERVICE_IMPLEMENTATION
1424274153083,ADD_SELFLET
1424274737501,REDIRECT_SERVICE
1424274763084,ADD_SELFLET
1424274798449,REDIRECT_SERVICE
1424275573084,ADD_SELFLET
1424276683087,REMOVE_SELFLET
1424276913084,ADD_SELFLET
1424277213083,REMOVE_SELFLET
1424270368435,TEACH_SERVICE
1424270588431,TEACH_SERVICE
1424271037207,REDIRECT_SERVICE
1424271108433,ADD_SELFLET
1424271180322,REDIRECT_SERVICE
1424271829569,REDIRECT_SERVICE
1424271857210,REDIRECT_SERVICE
1424272439857,REDIRECT_SERVICE
1424272638432,ADD_SELFLET
1424272950821,REDIRECT_SERVICE
1424272951222,REDIRECT_SERVICE
1424272998432,CHANGE_SERVICE_IMPLEMENTATION
1424273248431,ADD_SELFLET
1424273397048,REDIRECT_SERVICE
1424273438431,CHANGE_SERVICE_IMPLEMENTATION
1424273448431,CHANGE_SERVICE_IMPLEMENTATION
1424273458431,CHANGE_SERVICE_IMPLEMENTATION
1424273468064,REDIRECT_SERVICE
1424273687682,REDIRECT_SERVICE
1424273821778,REDIRECT_SERVICE
1424273858430,ADD_SELFLET
1424274646820,REDIRECT_SERVICE
1424274656995,REDIRECT_SERVICE
1424274758431,ADD_SELFLET
1424275508432,ADD_SELFLET
1424275598431,TEACH_SERVICE
1424276548430,ADD_SELFLET
1424276598431,REMOVE_SELFLET
1424270416382,REDIRECT_SERVICE
1424270909050,ADD_SELFLET
1424271339049,TEACH_SERVICE
1424271669050,ADD_SELFLET
1424272779051,ADD_SELFLET
1424272819051,CHANGE_SERVICE_IMPLEMENTATION
1424272829054,CHANGE_SERVICE_IMPLEMENTATION
1424272877672,REDIRECT_SERVICE
1424272879050,CHANGE_SERVICE_IMPLEMENTATION
1424272879644,REDIRECT_SERVICE
1424272889051,CHANGE_SERVICE_IMPLEMENTATION
1424272899052,CHANGE_SERVICE_IMPLEMENTATION
1424272946705,REDIRECT_SERVICE
1424272959051,CHANGE_SERVICE_IMPLEMENTATION
1424272979056,CHANGE_SERVICE_IMPLEMENTATION
1424272989052,CHANGE_SERVICE_IMPLEMENTATION
1424273009051,CHANGE_SERVICE_IMPLEMENTATION
1424273379051,ADD_SELFLET
1424273483460,REDIRECT_SERVICE
1424273618263,REDIRECT_SERVICE
1424273636256,REDIRECT_SERVICE
1424273817608,REDIRECT_SERVICE
1424273989054,ADD_SELFLET
1424274709049,ADD_SELFLET
1424275113636,REDIRECT_SERVICE
1424276759051,REMOVE_SELFLET
1424270565568,TEACH_SERVICE
1424270575566,TEACH_SERVICE
1424270585568,TEACH_SERVICE
1424270595574,TEACH_SERVICE
1424270875566,ADD_SELFLET
1424271669477,REDIRECT_SERVICE
1424272645564,ADD_SELFLET
1424272837688,REDIRECT_SERVICE
1424273085424,REDIRECT_SERVICE
1424273085565,CHANGE_SERVICE_IMPLEMENTATION
1424273105572,CHANGE_SERVICE_IMPLEMENTATION
1424273115565,CHANGE_SERVICE_IMPLEMENTATION
1424273125566,CHANGE_SERVICE_IMPLEMENTATION
1424273145565,CHANGE_SERVICE_IMPLEMENTATION
1424273255564,ADD_SELFLET
1424274055563,ADD_SELFLET
1424274775564,ADD_SELFLET
1424275284199,REDIRECT_SERVICE
1424275415563,ADD_SELFLET
1424276115565,ADD_SELFLET
1424276345445,REDIRECT_SERVICE
1424276835564,REMOVE_SELFLET
1424270856787,ADD_SELFLET
1424273016787,ADD_SELFLET
1424273017080,REDIRECT_SERVICE
1424273025318,REDIRECT_SERVICE
1424273321620,REDIRECT_SERVICE
1424273626786,ADD_SELFLET
1424273826785,CHANGE_SERVICE_IMPLEMENTATION
1424273836785,CHANGE_SERVICE_IMPLEMENTATION
1424274356786,ADD_SELFLET
1424274966785,ADD_SELFLET
1424275357727,REDIRECT_SERVICE
1424275386787,TEACH_SERVICE
1424275576785,ADD_SELFLET
1424275627326,REDIRECT_SERVICE
1424276846790,REMOVE_SELFLET
1424277036788,ADD_SELFLET
1424277426787,TEACH_SERVICE
1424277646786,ADD_SELFLET
1424280446784,REMOVE_SELFLET
1424280746785,REMOVE_SELFLET
1424270866817,TEACH_SERVICE
1424272826804,ADD_SELFLET
1424272928215,REDIRECT_SERVICE
1424273446806,ADD_SELFLET
1424273540862,REDIRECT_SERVICE
1424274056804,ADD_SELFLET
1424274766803,ADD_SELFLET
1424275376803,ADD_SELFLET
1424276416804,ADD_SELFLET
1424276776806,TEACH_SERVICE
1424276786806,TEACH_SERVICE
1424277146803,ADD_SELFLET
1424277406804,REMOVE_SELFLET
1424271217988,TEACH_SERVICE
1424271337987,TEACH_SERVICE
1424272697987,ADD_SELFLET
1424273307987,ADD_SELFLET
1424273547987,CHANGE_SERVICE_IMPLEMENTATION
1424273723594,REDIRECT_SERVICE
1424273917989,ADD_SELFLET
1424274230275,REDIRECT_SERVICE
1424274527986,ADD_SELFLET
1424274837593,REDIRECT_SERVICE
1424275167986,ADD_SELFLET
1424275247986,TEACH_SERVICE
1424275696527,REDIRECT_SERVICE
1424276243927,REDIRECT_SERVICE
1424276347987,ADD_SELFLET
1424276761407,REDIRECT_SERVICE
1424276880911,REDIRECT_SERVICE
1424276957987,ADD_SELFLET
1424277493846,REDIRECT_SERVICE
1424277587989,ADD_SELFLET
1424280797987,REMOVE_SELFLET
1424281107986,REMOVE_SELFLET
1424281417986,REMOVE_SELFLET
1424265681908,TEACH_SERVICE
1424265691906,TEACH_SERVICE
1424265791910,CHANGE_SERVICE_IMPLEMENTATION
1424265901913,ADD_SELFLET
1424266731905,ADD_SELFLET
1424267045462,REDIRECT_SERVICE
1424267341905,ADD_SELFLET
1424267951907,ADD_SELFLET
1424268561904,ADD_SELFLET
1424268691903,REMOVE_SELFLET
1424271623425,REDIRECT_SERVICE
1424272862380,ADD_SELFLET
1424273036635,REDIRECT_SERVICE
1424273472380,ADD_SELFLET
1424274082377,ADD_SELFLET
1424274692377,ADD_SELFLET
1424274798807,REDIRECT_SERVICE
1424274831132,REDIRECT_SERVICE
1424275192378,TEACH_SERVICE
1424275292378,ADD_SELFLET
1424277072383,ADD_SELFLET
1424277142266,REDIRECT_SERVICE
1424277422377,TEACH_SERVICE
1424277482280,REDIRECT_SERVICE
1424277682378,ADD_SELFLET
1424277792382,TEACH_SERVICE
1424280852377,REMOVE_SELFLET
1424281152377,REMOVE_SELFLET
1424271848875,ADD_SELFLET
1424272648874,ADD_SELFLET
1424273258873,ADD_SELFLET
1424273438873,CHANGE_SERVICE_IMPLEMENTATION
1424273448873,CHANGE_SERVICE_IMPLEMENTATION
1424273458873,CHANGE_SERVICE_IMPLEMENTATION
1424273468873,CHANGE_SERVICE_IMPLEMENTATION
1424273478873,CHANGE_SERVICE_IMPLEMENTATION
1424273488873,CHANGE_SERVICE_IMPLEMENTATION
1424273801269,REDIRECT_SERVICE
1424273834895,REDIRECT_SERVICE
1424273858874,ADD_SELFLET
1424273878875,CHANGE_SERVICE_IMPLEMENTATION
1424273888875,CHANGE_SERVICE_IMPLEMENTATION
1424273898874,CHANGE_SERVICE_IMPLEMENTATION
1424273934993,REDIRECT_SERVICE
1424274468873,ADD_SELFLET
1424276258874,ADD_SELFLET
1424276712183,REDIRECT_SERVICE
1424276938873,ADD_SELFLET
1424277218874,TEACH_SERVICE
1424277538879,ADD_SELFLET
1424277784121,REDIRECT_SERVICE
1424277988873,TEACH_SERVICE
1424278138872,REMOVE_SELFLET
1424272606216,REDIRECT_SERVICE
1424272695666,ADD_SELFLET
1424272851345,REDIRECT_SERVICE
1424273305660,ADD_SELFLET
1424273915664,ADD_SELFLET
1424273955892,REDIRECT_SERVICE
1424274328072,REDIRECT_SERVICE
1424274365662,CHANGE_SERVICE_IMPLEMENTATION
1424274375663,CHANGE_SERVICE_IMPLEMENTATION
1424274385662,CHANGE_SERVICE_IMPLEMENTATION
1424274525660,ADD_SELFLET
1424275135660,ADD_SELFLET
1424275440669,REDIRECT_SERVICE
1424275815665,ADD_SELFLET
1424276785665,ADD_SELFLET
1424277395660,ADD_SELFLET
1424277470077,REDIRECT_SERVICE
1424277521791,REDIRECT_SERVICE
1424277749263,REDIRECT_SERVICE
1424278005660,ADD_SELFLET
1424278085661,REMOVE_SELFLET
1424271746681,TEACH_SERVICE
1424271826678,TEACH_SERVICE
1424272256676,TEACH_SERVICE
1424272776677,ADD_SELFLET
1424273149872,REDIRECT_SERVICE
1424273245291,REDIRECT_SERVICE
1424273386674,ADD_SELFLET
1424273636678,CHANGE_SERVICE_IMPLEMENTATION
1424273646677,CHANGE_SERVICE_IMPLEMENTATION
1424273647720,REDIRECT_SERVICE
1424273659249,REDIRECT_SERVICE
1424273816678,CHANGE_SERVICE_IMPLEMENTATION
1424273826678,CHANGE_SERVICE_IMPLEMENTATION
1424273836677,CHANGE_SERVICE_IMPLEMENTATION
1424273986678,ADD_SELFLET
1424274301591,REDIRECT_SERVICE
1424274606676,ADD_SELFLET
1424275256675,ADD_SELFLET
1424275386676,TEACH_SERVICE
1424275866676,ADD_SELFLET
1424277386675,ADD_SELFLET
1424277396675,TEACH_SERVICE
1424278026675,REMOVE_SELFLET
1424272074591,TEACH_SERVICE
1424272094590,TEACH_SERVICE
1424272624589,ADD_SELFLET
1424273344592,ADD_SELFLET
1424273354589,CHANGE_SERVICE_IMPLEMENTATION
1424273364589,CHANGE_SERVICE_IMPLEMENTATION
1424273374590,CHANGE_SERVICE_IMPLEMENTATION
1424273954588,ADD_SELFLET
1424274564589,ADD_SELFLET
1424275174592,ADD_SELFLET
1424275784589,ADD_SELFLET
1424278064588,TEACH_SERVICE
1424278084589,REMOVE_SELFLET
1424271984264,TEACH_SERVICE
1424272044264,ADD_SELFLET
1424272074262,TEACH_SERVICE
1424272094263,TEACH_SERVICE
1424272664263,ADD_SELFLET
1424272929028,REDIRECT_SERVICE
1424273274261,ADD_SELFLET
1424273884264,ADD_SELFLET
1424274084262,CHANGE_SERVICE_IMPLEMENTATION
1424274094262,CHANGE_SERVICE_IMPLEMENTATION
1424274684266,ADD_SELFLET
1424274717052,REDIRECT_SERVICE
1424275814263,ADD_SELFLET
1424276040600,REDIRECT_SERVICE
1424276544261,ADD_SELFLET
1424277641043,REDIRECT_SERVICE
1424277657285,REDIRECT_SERVICE
1424277764262,ADD_SELFLET
1424278034261,TEACH_SERVICE
1424278124261,REMOVE_SELFLET
1424272133558,TEACH_SERVICE
1424272153562,TEACH_SERVICE
1424272233559,TEACH_SERVICE
1424272672535,REDIRECT_SERVICE
1424272833556,CHANGE_SERVICE_IMPLEMENTATION
1424272843556,CHANGE_SERVICE_IMPLEMENTATION
1424272853555,ADD_SELFLET
1424273039130,REDIRECT_SERVICE
1424273092932,REDIRECT_SERVICE
1424273463554,ADD_SELFLET
1424273597162,REDIRECT_SERVICE
1424274073553,ADD_SELFLET
1424274429709,REDIRECT_SERVICE
1424274726399,REDIRECT_SERVICE
1424274763553,ADD_SELFLET
1424275143439,REDIRECT_SERVICE
1424275363554,ADD_SELFLET
1424275583553,TEACH_SERVICE
1424275593553,TEACH_SERVICE
1424275973553,ADD_SELFLET
1424277023553,ADD_SELFLET
1424277377485,REDIRECT_SERVICE
1424277623559,ADD_SELFLET
1424278363553,REMOVE_SELFLET
1424272648946,ADD_SELFLET
1424272868946,CHANGE_SERVICE_IMPLEMENTATION
1424273258945,ADD_SELFLET
1424273478945,CHANGE_SERVICE_IMPLEMENTATION
1424273591824,REDIRECT_SERVICE
1424273868945,ADD_SELFLET
1424274898944,ADD_SELFLET
1424275508943,ADD_SELFLET
1424275568943,REMOVE_SELFLET
1424272238793,TEACH_SERVICE
1424272418788,TEACH_SERVICE
1424272428788,TEACH_SERVICE
1424272438788,TEACH_SERVICE
1424272448788,TEACH_SERVICE
1424272858788,ADD_SELFLET
1424273468787,ADD_SELFLET
1424274078791,ADD_SELFLET
1424274128787,CHANGE_SERVICE_IMPLEMENTATION
1424274138787,CHANGE_SERVICE_IMPLEMENTATION
1424274148787,CHANGE_SERVICE_IMPLEMENTATION
1424274189163,REDIRECT_SERVICE
1424274938790,ADD_SELFLET
1424275548786,ADD_SELFLET
1424275558786,TEACH_SERVICE
1424275648787,REMOVE_SELFLET
1424265892196,ADD_SELFLET
1424265972194,TEACH_SERVICE
1424266502194,ADD_SELFLET
1424266662750,REDIRECT_SERVICE
1424266668176,REDIRECT_SERVICE
1424267112193,ADD_SELFLET
1424267187306,REDIRECT_SERVICE
1424267352194,CHANGE_SERVICE_IMPLEMENTATION
1424267362194,CHANGE_SERVICE_IMPLEMENTATION
1424267372194,CHANGE_SERVICE_IMPLEMENTATION
1424267382193,CHANGE_SERVICE_IMPLEMENTATION
1424267712198,ADD_SELFLET
1424267848568,REDIRECT_SERVICE
1424268412194,ADD_SELFLET
1424268802195,REMOVE_SELFLET
1424272480457,TEACH_SERVICE
1424272500460,TEACH_SERVICE
1424272740458,ADD_SELFLET
1424273410457,ADD_SELFLET
1424273831137,REDIRECT_SERVICE
1424274030456,ADD_SELFLET
1424274640454,ADD_SELFLET
1424275260455,ADD_SELFLET
1424276400459,ADD_SELFLET
1424276867810,REDIRECT_SERVICE
1424276976460,REDIRECT_SERVICE
1424277010455,ADD_SELFLET
1424277064747,REDIRECT_SERVICE
1424277350456,CHANGE_SERVICE_IMPLEMENTATION
1424277610460,ADD_SELFLET
1424278710454,REMOVE_SELFLET
1424272478968,TEACH_SERVICE
1424272488973,TEACH_SERVICE
1424272498977,TEACH_SERVICE
1424272718970,TEACH_SERVICE
1424272838976,ADD_SELFLET
1424273328967,CHANGE_SERVICE_IMPLEMENTATION
1424273338968,CHANGE_SERVICE_IMPLEMENTATION
1424273348968,CHANGE_SERVICE_IMPLEMENTATION
1424273448968,ADD_SELFLET
1424273488968,CHANGE_SERVICE_IMPLEMENTATION
1424274058968,ADD_SELFLET
1424274375907,REDIRECT_SERVICE
1424274668966,ADD_SELFLET
1424275318966,ADD_SELFLET
1424275528967,REMOVE_SELFLET
1424272766831,ADD_SELFLET
1424273140209,REDIRECT_SERVICE
1424273376830,ADD_SELFLET
1424273466829,CHANGE_SERVICE_IMPLEMENTATION
1424273476828,CHANGE_SERVICE_IMPLEMENTATION
1424273486829,CHANGE_SERVICE_IMPLEMENTATION
1424273546829,CHANGE_SERVICE_IMPLEMENTATION
1424273556828,CHANGE_SERVICE_IMPLEMENTATION
1424273566829,CHANGE_SERVICE_IMPLEMENTATION
1424273586077,REDIRECT_SERVICE
1424273986830,ADD_SELFLET
1424274366827,CHANGE_SERVICE_IMPLEMENTATION
1424274376828,CHANGE_SERVICE_IMPLEMENTATION
1424274386827,CHANGE_SERVICE_IMPLEMENTATION
1424275246828,ADD_SELFLET
1424275556829,TEACH_SERVICE
1424275667094,REDIRECT_SERVICE
1424275690189,REDIRECT_SERVICE
1424275856827,ADD_SELFLET
1424276016828,REMOVE_SELFLET
1424272734903,TEACH_SERVICE
1424272744904,TEACH_SERVICE
1424272754917,TEACH_SERVICE
1424272774903,TEACH_SERVICE
1424272784907,TEACH_SERVICE
1424272794904,TEACH_SERVICE
1424272854902,CHANGE_SERVICE_IMPLEMENTATION
1424272864903,CHANGE_SERVICE_IMPLEMENTATION
1424272874900,CHANGE_SERVICE_IMPLEMENTATION
1424272884900,CHANGE_SERVICE_IMPLEMENTATION
1424272894902,CHANGE_SERVICE_IMPLEMENTATION
1424272904899,CHANGE_SERVICE_IMPLEMENTATION
1424272914900,CHANGE_SERVICE_IMPLEMENTATION
1424272924900,CHANGE_SERVICE_IMPLEMENTATION
1424272934900,ADD_SELFLET
1424272979649,REDIRECT_SERVICE
1424273084899,TEACH_SERVICE
1424273544898,ADD_SELFLET
1424274154898,ADD_SELFLET
1424274764898,ADD_SELFLET
1424275053296,REDIRECT_SERVICE
1424275053973,REDIRECT_SERVICE
1424275414899,REMOVE_SELFLET
1424275764899,ADD_SELFLET
1424276264898,REMOVE_SELFLET
1424276304898,TEACH_SERVICE
1424276664898,ADD_SELFLET
1424277274904,ADD_SELFLET
1424277582193,REDIRECT_SERVICE
1424277877553,REDIRECT_SERVICE
1424279014898,REMOVE_SELFLET
1424279314898,REMOVE_SELFLET
1424272902148,CHANGE_SERVICE_IMPLEMENTATION
1424272932145,CHANGE_SERVICE_IMPLEMENTATION
1424272962145,CHANGE_SERVICE_IMPLEMENTATION
1424272982145,CHANGE_SERVICE_IMPLEMENTATION
1424272992145,CHANGE_SERVICE_IMPLEMENTATION
1424273002145,CHANGE_SERVICE_IMPLEMENTATION
1424273082147,CHANGE_SERVICE_IMPLEMENTATION
1424273092148,TEACH_SERVICE
1424273102147,CHANGE_SERVICE_IMPLEMENTATION
1424273112147,CHANGE_SERVICE_IMPLEMENTATION
1424273122157,CHANGE_SERVICE_IMPLEMENTATION
1424273132145,CHANGE_SERVICE_IMPLEMENTATION
1424273300636,REDIRECT_SERVICE
1424273309392,REDIRECT_SERVICE
1424273482148,ADD_SELFLET
1424274092145,ADD_SELFLET
1424275224211,REDIRECT_SERVICE
1424275432145,REMOVE_SELFLET
1424272936512,CHANGE_SERVICE_IMPLEMENTATION
1424272946508,CHANGE_SERVICE_IMPLEMENTATION
1424272956509,CHANGE_SERVICE_IMPLEMENTATION
1424272966509,CHANGE_SERVICE_IMPLEMENTATION
1424272976508,CHANGE_SERVICE_IMPLEMENTATION
1424272986508,CHANGE_SERVICE_IMPLEMENTATION
1424272996508,CHANGE_SERVICE_IMPLEMENTATION
1424273006507,CHANGE_SERVICE_IMPLEMENTATION
1424273036509,ADD_SELFLET
1424273076507,TEACH_SERVICE
1424273086508,TEACH_SERVICE
1424273126510,TEACH_SERVICE
1424273156514,CHANGE_SERVICE_IMPLEMENTATION
1424273285412,REDIRECT_SERVICE
1424273646508,ADD_SELFLET
1424273676508,CHANGE_SERVICE_IMPLEMENTATION
1424273686509,CHANGE_SERVICE_IMPLEMENTATION
1424274256508,ADD_SELFLET
1424274703721,REDIRECT_SERVICE
1424275629591,REDIRECT_SERVICE
1424275746513,ADD_SELFLET
1424275794208,REDIRECT_SERVICE
1424276276507,REMOVE_SELFLET
1424273334382,CHANGE_SERVICE_IMPLEMENTATION
1424273454381,ADD_SELFLET
1424273956254,REDIRECT_SERVICE
1424274064382,ADD_SELFLET
1424274194381,CHANGE_SERVICE_IMPLEMENTATION
1424274481009,REDIRECT_SERVICE
1424274674379,ADD_SELFLET
1424275664330,REDIRECT_SERVICE
1424275764378,ADD_SELFLET
1424275912359,REDIRECT_SERVICE
1424276125056,REDIRECT_SERVICE
1424276454378,ADD_SELFLET
1424276648105,REDIRECT_SERVICE
1424276652234,REDIRECT_SERVICE
1424279374378,REMOVE_SELFLET
1424279674378,REMOVE_SELFLET
1424279984378,REMOVE_SELFLET
1424273275046,REDIRECT_SERVICE
1424273277285,REDIRECT_SERVICE
1424273390297,TEACH_SERVICE
1424273449518,REDIRECT_SERVICE
1424273469539,REDIRECT_SERVICE
1424273530307,ADD_SELFLET
1424273870294,CHANGE_SERVICE_IMPLEMENTATION
1424273880294,CHANGE_SERVICE_IMPLEMENTATION
1424273890294,CHANGE_SERVICE_IMPLEMENTATION
1424273900294,CHANGE_SERVICE_IMPLEMENTATION
1424273920293,CHANGE_SERVICE_IMPLEMENTATION
1424274140294,ADD_SELFLET
1424274282811,REDIRECT_SERVICE
1424274750293,ADD_SELFLET
1424275630294,ADD_SELFLET
1424275669622,REDIRECT_SERVICE
1424276290299,ADD_SELFLET
1424276900299,ADD_SELFLET
1424279390294,REMOVE_SELFLET
1424273315367,CHANGE_SERVICE_IMPLEMENTATION
1424273325364,CHANGE_SERVICE_IMPLEMENTATION
1424273355364,CHANGE_SERVICE_IMPLEMENTATION
1424273365366,CHANGE_SERVICE_IMPLEMENTATION
1424273375367,CHANGE_SERVICE_IMPLEMENTATION
1424273385363,TEACH_SERVICE
1424273595366,ADD_SELFLET
1424274205364,ADD_SELFLET
1424275325363,ADD_SELFLET
1424275948653,REDIRECT_SERVICE
1424276065369,ADD_SELFLET
1424276285362,TEACH_SERVICE
1424276295363,REMOVE_SELFLET
1424273430144,TEACH_SERVICE
1424273700143,ADD_SELFLET
1424274350143,ADD_SELFLET
1424275130141,ADD_SELFLET
1424276099101,REDIRECT_SERVICE
1424276140143,ADD_SELFLET
1424276410142,TEACH_SERVICE
1424276480142,TEACH_SERVICE
1424276490142,REMOVE_SELFLET
1424265948731,ADD_SELFLET
1424266219923,REDIRECT_SERVICE
1424266488913,REDIRECT_SERVICE
1424266504980,REDIRECT_SERVICE
1424266558728,ADD_SELFLET
1424266767780,REDIRECT_SERVICE
1424267168725,ADD_SELFLET
1424267778724,ADD_SELFLET
1424268448725,ADD_SELFLET
1424268678724,TEACH_SERVICE
1424268698725,TEACH_SERVICE
1424268738724,TEACH_SERVICE
1424268828724,TEACH_SERVICE
1424269058725,ADD_SELFLET
1424269838725,TEACH_SERVICE
1424270055976,REDIRECT_SERVICE
1424270068725,ADD_SELFLET
1424271748724,ADD_SELFLET
1424271978724,REMOVE_SELFLET
1424273412524,TEACH_SERVICE
1424273422525,TEACH_SERVICE
1424273432526,TEACH_SERVICE
1424273722524,TEACH_SERVICE
1424273782524,TEACH_SERVICE
1424274232525,ADD_SELFLET
1424274842524,ADD_SELFLET
1424275452523,ADD_SELFLET
1424276062523,ADD_SELFLET
1424276402522,REMOVE_SELFLET
1424273557021,CHANGE_SERVICE_IMPLEMENTATION
1424273567016,CHANGE_SERVICE_IMPLEMENTATION
1424273637040,CHANGE_SERVICE_IMPLEMENTATION
1424273647037,CHANGE_SERVICE_IMPLEMENTATION
1424273657018,CHANGE_SERVICE_IMPLEMENTATION
1424273667018,CHANGE_SERVICE_IMPLEMENTATION
1424273677021,CHANGE_SERVICE_IMPLEMENTATION
1424273707019,TEACH_SERVICE
1424273717020,CHANGE_SERVICE_IMPLEMENTATION
1424273727019,CHANGE_SERVICE_IMPLEMENTATION
1424273737020,CHANGE_SERVICE_IMPLEMENTATION
1424273787027,TEACH_SERVICE
1424274237022,ADD_SELFLET
1424274342129,REDIRECT_SERVICE
1424274395483,REDIRECT_SERVICE
1424275027018,ADD_SELFLET
1424275852306,REDIRECT_SERVICE
1424275877018,ADD_SELFLET
1424275898631,REDIRECT_SERVICE
1424276477022,REMOVE_SELFLET
1424273712449,TEACH_SERVICE
1424273722453,TEACH_SERVICE
1424273782447,TEACH_SERVICE
1424274135454,REDIRECT_SERVICE
1424274202446,ADD_SELFLET
1424275002447,ADD_SELFLET
1424275612446,ADD_SELFLET
1424276212448,ADD_SELFLET
1424276472445,REMOVE_SELFLET
1424273781035,TEACH_SERVICE
1424274021029,TEACH_SERVICE
1424274221026,ADD_SELFLET
1424275001025,ADD_SELFLET
1424275831026,ADD_SELFLET
1424276421026,REMOVE_SELFLET
1424274041340,REDIRECT_SERVICE
1424274084749,CHANGE_SERVICE_IMPLEMENTATION
1424274094750,CHANGE_SERVICE_IMPLEMENTATION
1424274194747,CHANGE_SERVICE_IMPLEMENTATION
1424274206535,REDIRECT_SERVICE
1424274304745,ADD_SELFLET
1424275134746,ADD_SELFLET
1424275824745,ADD_SELFLET
1424276121611,REDIRECT_SERVICE
1424276441178,REDIRECT_SERVICE
1424276474745,TEACH_SERVICE
1424276484746,TEACH_SERVICE
1424276504744,TEACH_SERVICE
1424276514744,TEACH_SERVICE
1424276844747,ADD_SELFLET
1424277464744,ADD_SELFLET
1424278074744,ADD_SELFLET
1424280074744,REMOVE_SELFLET
1424280374744,REMOVE_SELFLET
1424274038090,TEACH_SERVICE
1424274048089,TEACH_SERVICE
1424274058089,TEACH_SERVICE
1424274068112,TEACH_SERVICE
1424274078091,TEACH_SERVICE
1424274149674,REDIRECT_SERVICE
1424274318087,TEACH_SERVICE
1424274328086,TEACH_SERVICE
1424274768779,REDIRECT_SERVICE
1424274858086,ADD_SELFLET
1424275658086,ADD_SELFLET
1424276499150,REDIRECT_SERVICE
1424276848086,ADD_SELFLET
1424277078085,REMOVE_SELFLET
1424274319832,TEACH_SERVICE
1424274339832,TEACH_SERVICE
1424274709068,REDIRECT_SERVICE
1424274723741,REDIRECT_SERVICE
1424274789834,ADD_SELFLET
1424275449831,ADD_SELFLET
1424275626577,REDIRECT_SERVICE
1424275630256,REDIRECT_SERVICE
1424276089831,ADD_SELFLET
1424276699830,ADD_SELFLET
1424276943412,REDIRECT_SERVICE
1424276959830,TEACH_SERVICE
1424277089832,TEACH_SERVICE
1424277459830,REMOVE_SELFLET
1424274321063,TEACH_SERVICE
1424274341065,TEACH_SERVICE
1424274881063,ADD_SELFLET
1424274994203,REDIRECT_SERVICE
1424275491063,ADD_SELFLET
1424276123807,REDIRECT_SERVICE
1424276221063,ADD_SELFLET
1424276559220,REDIRECT_SERVICE
1424276951065,REMOVE_SELFLET
1424274818857,ADD_SELFLET
1424274972721,REDIRECT_SERVICE
1424275031157,REDIRECT_SERVICE
1424275538856,ADD_SELFLET
1424277088855,TEACH_SERVICE
1424277158857,REMOVE_SELFLET
1424274392589,TEACH_SERVICE
1424274892590,ADD_SELFLET
1424275383047,REDIRECT_SERVICE
1424275512600,ADD_SELFLET
1424276006619,REDIRECT_SERVICE
1424276162586,ADD_SELFLET
1424277043499,REDIRECT_SERVICE
1424277102585,TEACH_SERVICE
1424277122586,TEACH_SERVICE
1424277202587,REMOVE_SELFLET
1424265987927,TEACH_SERVICE
1424266007929,TEACH_SERVICE
1424266017930,TEACH_SERVICE
1424266027931,TEACH_SERVICE
1424266037931,TEACH_SERVICE
1424266047926,TEACH_SERVICE
1424266237927,ADD_SELFLET
1424266287927,TEACH_SERVICE
1424266847925,ADD_SELFLET
1424267447927,ADD_SELFLET
1424268057925,ADD_SELFLET
1424268667925,REMOVE_SELFLET
1424274862094,ADD_SELFLET
1424275472092,ADD_SELFLET
1424275532442,REDIRECT_SERVICE
1424277032094,REMOVE_SELFLET
1424274738178,TEACH_SERVICE
1424274748177,TEACH_SERVICE
1424274758176,TEACH_SERVICE
1424274768180,TEACH_SERVICE
1424274778184,TEACH_SERVICE
1424274938176,TEACH_SERVICE
1424274948176,TEACH_SERVICE
1424274968176,TEACH_SERVICE
1424276488176,ADD_SELFLET
1424277308174,ADD_SELFLET
1424277508176,REMOVE_SELFLET
1424274938059,TEACH_SERVICE
1424274948058,TEACH_SERVICE
1424274958059,TEACH_SERVICE
1424274968060,TEACH_SERVICE
1424276448059,ADD_SELFLET
1424277328060,ADD_SELFLET
1424277798058,REMOVE_SELFLET
1424278138057,REMOVE_SELFLET
1424275205601,REDIRECT_SERVICE
1424276694333,REDIRECT_SERVICE
1424277332312,ADD_SELFLET
1424277436295,REDIRECT_SERVICE
1424277712314,TEACH_SERVICE
1424277722314,TEACH_SERVICE
1424278172311,REMOVE_SELFLET
1424276683656,ADD_SELFLET
1424277343655,ADD_SELFLET
1424277713655,REMOVE_SELFLET
1424276526693,REDIRECT_SERVICE
1424276686592,ADD_SELFLET
1424277486745,REDIRECT_SERVICE
1424277505104,REDIRECT_SERVICE
1424277516594,TEACH_SERVICE
1424277716593,ADD_SELFLET
1424277859221,REDIRECT_SERVICE
1424278226596,REMOVE_SELFLET
1424275305541,ADD_SELFLET
1424276246763,REDIRECT_SERVICE
1424276505539,ADD_SELFLET
1424277315538,ADD_SELFLET
1424277785540,REMOVE_SELFLET
1424275283340,TEACH_SERVICE
1424275293339,TEACH_SERVICE
1424275313343,TEACH_SERVICE
1424275323344,TEACH_SERVICE
1424275333350,TEACH_SERVICE
1424275633340,ADD_SELFLET
1424275676266,REDIRECT_SERVICE
1424275795999,REDIRECT_SERVICE
1424276023339,TEACH_SERVICE
1424276283337,ADD_SELFLET
1424276840730,REDIRECT_SERVICE
1424276883338,ADD_SELFLET
1424276955839,REDIRECT_SERVICE
1424277533337,ADD_SELFLET
1424278033337,REMOVE_SELFLET
1424278333337,REMOVE_SELFLET
1424275760020,ADD_SELFLET
1424276630534,REDIRECT_SERVICE
1424276650022,ADD_SELFLET
1424277130659,REDIRECT_SERVICE
1424277780019,ADD_SELFLET
1424277980021,REMOVE_SELFLET
1424275862496,ADD_SELFLET
1424276302495,TEACH_SERVICE
1424276702495,ADD_SELFLET
1424277806474,REDIRECT_SERVICE
1424277822495,ADD_SELFLET
1424278122494,REMOVE_SELFLET
1424266357483,TEACH_SERVICE
1424266537480,ADD_SELFLET
1424266963771,REDIRECT_SERVICE
1424267147481,ADD_SELFLET
1424267341459,REDIRECT_SERVICE
1424267935463,REDIRECT_SERVICE
1424268047489,ADD_SELFLET
1424268677480,REMOVE_SELFLET
1424275576655,TEACH_SERVICE
1424275656659,TEACH_SERVICE
1424276171291,REDIRECT_SERVICE
1424276336651,ADD_SELFLET
1424276460099,REDIRECT_SERVICE
1424276946650,ADD_SELFLET
1424277513267,REDIRECT_SERVICE
1424277586652,ADD_SELFLET
1424278246650,REMOVE_SELFLET
1424275578844,TEACH_SERVICE
1424277418840,ADD_SELFLET
1424278248840,REMOVE_SELFLET
1424275916771,ADD_SELFLET
1424276526770,ADD_SELFLET
1424276894353,REDIRECT_SERVICE
1424276899476,REDIRECT_SERVICE
1424277136774,ADD_SELFLET
1424277412844,REDIRECT_SERVICE
1424277746769,ADD_SELFLET
1424278266770,REMOVE_SELFLET
1424278566769,REMOVE_SELFLET
1424278866775,REMOVE_SELFLET
1424281866769,REMOVE_SELFLET
1424275963053,TEACH_SERVICE
1424275973051,TEACH_SERVICE
1424275983051,TEACH_SERVICE
1424275993058,TEACH_SERVICE
1424276003056,TEACH_SERVICE
1424276013052,TEACH_SERVICE
1424276121311,REDIRECT_SERVICE
1424276173053,TEACH_SERVICE
1424276193053,TEACH_SERVICE
1424276203058,TEACH_SERVICE
1424276463058,ADD_SELFLET
1424277233050,ADD_SELFLET
1424278563049,REMOVE_SELFLET
1424276199898,TEACH_SERVICE
1424276258748,REDIRECT_SERVICE
1424276389908,ADD_SELFLET
1424278589897,REMOVE_SELFLET
1424276369218,ADD_SELFLET
1424276989219,ADD_SELFLET
1424278589219,REMOVE_SELFLET
1424278889219,REMOVE_SELFLET
1424279199217,REMOVE_SELFLET
1424282189218,REMOVE_SELFLET
1424276465427,ADD_SELFLET
1424277355866,REDIRECT_SERVICE
1424277855423,ADD_SELFLET
1424278865422,REMOVE_SELFLET
1424276230217,TEACH_SERVICE
1424276240221,TEACH_SERVICE
1424276250254,TEACH_SERVICE
1424276260218,TEACH_SERVICE
1424276500215,ADD_SELFLET
1424277180213,ADD_SELFLET
1424278060213,ADD_SELFLET
1424278890214,REMOVE_SELFLET
